epoch,train,val
1,0.11305794023325046,0.10956096857786178
2,0.111879322630167,0.1090276851952076
3,0.11203478092004855,0.10779560822248459
