epoch,train,val
1,0.11744387431366969,0.11546617490053177
