epoch,train,val
1,0.11061796885331472,0.10769762846827508
2,0.11098521237969398,0.10566714635491371
3,0.110251661413908,0.10606127697229385
