epoch,train,val
1,0.5478100382995605,0.5449301042556762
2,0.5436412602901459,0.5370061092376709
3,0.5408425596046448,0.5373231468200683
4,0.541588900308609,0.5414981286525726
5,0.5412703850364685,0.5427130360603333
6,0.5427027889823913,0.539783946275711
7,0.540050647945404,0.5419073596000671
8,0.5439552990436554,0.5422544181346893
9,0.5385632089805603,0.5330729031562805
