epoch,train,val
1,0.5773509509086608,0.6014719228744507
